PassengerID,FirstName,LastName,DOB,Email,MobileNumber,CreatedDateTime,LastupdateDateTime
P20,P20_First_Name,P20_Last_Name,6/15/2024,,1234567890,8/21/2025 7:00,8/21/2025 7:00
P21,P21_First_Name,P21_Last_Name,8/22/2023,P21@example.com,1234567891,8/21/2025 7:00,8/21/2025 7:00
P22,P22_First_Name,P22_Last_Name,3/10/2015,P22@example.com,1234567892,8/21/2025 7:00,8/21/2025 7:00
P23,P23_First_Name,P23_Last_Name,6/15/2010,P23@example.com,1234567893,8/21/2025 7:00,8/21/2025 7:00
P20,P20_First_Name,P20_Last_Name,6/15/2024,P20@example.com,1234567890,8/21/2025 7:00,8/22/2025 7:00
P24,P24_First_Name,P24_Last_Name,8/22/2000,P24@example.com,1234567894,8/21/2025 7:00,8/21/2025 7:00
P25,P25_First_Name,P25_Last_Name,3/10/1998,P25@example.com,1234567895,8/21/2025 7:00,8/21/2025 7:00
P26,P26_First_Name,P26_Last_Name,6/15/1995,P26@example.com,1234567896,8/21/2025 7:00,8/21/2025 7:00
P27,P27_First_Name,P27_Last_Name,8/3/1986,P27@example.com,1234567897,8/21/2025 7:00,8/21/2025 7:00
P28,P28_First_Name,P28_Last_Name,3/10/1945,P28@example.com,1234567898,8/21/2025 7:00,8/21/2025 7:00
P29,P29_First_Name,P29_Last_Name,6/15/2001,P29@example.com,1234567899,8/21/2025 7:00,8/21/2025 7:00
P30,P30_First_Name,P30_Last_Name,8/22/2003,P30@example.com,1234567900,8/21/2025 7:00,8/21/2025 7:00
P31,P31_First_Name,P31_Last_Name,3/10/2015,P31@example.com,1234567901,8/21/2025 7:00,8/21/2025 7:00
P32,P32_First_Name,P32_Last_Name,6/15/2024,P32@example.com,1234567902,8/21/2025 7:00,8/21/2025 7:00
P33,P33_First_Name,P33_Last_Name,8/22/2023,,1234567903,8/21/2025 8:00,8/21/2025 8:00
P33,P33_First_Name,P33_Last_Name,8/22/2023,P33@example.com,1234567903,8/21/2025 7:00,8/23/2025 7:00
